Time,Latitude,Longitude
10:38:27.171369,39.018544400907416,-104.893739
10:38:27.244735,39.01854440750538,-104.893739
10:38:27.315388,39.01854441385936,-104.893739
10:38:27.385898,39.01854442020048,-104.893739
10:38:27.456490,39.018544426548964,-104.893739
10:38:27.527073,39.01854443289665,-104.893739
10:38:27.597601,39.018544439239385,-104.893739
10:38:27.668183,39.018544445586976,-104.893739
10:38:27.738787,39.01854445193655,-104.893739
10:38:27.809450,39.01854445829142,-104.893739
10:38:27.879990,39.018544464635234,-104.893739
10:38:27.950623,39.018544470987415,-104.893739
10:38:28.021174,39.01854447733222,-104.893739
10:38:28.091756,39.01854448367981,-104.893739
10:38:28.162405,39.01854449003343,-104.893739
10:38:28.183563,39.01854449193621,-104.893739
10:38:28.204364,39.0185444,-104.893739
10:38:28.275196,39.0185444,-104.893739
10:38:28.345902,39.0185444,-104.893739
10:38:28.416867,39.0185444,-104.893739
10:38:28.487484,39.0185444,-104.893739
10:38:28.558083,39.0185444,-104.893739
10:38:28.628659,39.0185444,-104.893739
10:38:28.699293,39.0185444,-104.893739
10:38:28.769920,39.0185444,-104.893739
10:38:28.840519,39.0185444,-104.893739
10:38:28.911206,39.0185444,-104.893739
10:38:28.981755,39.0185444,-104.893739
10:38:29.052430,39.0185444,-104.893739
10:38:29.122997,39.0185444,-104.893739
10:38:29.174135,39.0185445,-104.893739
10:38:29.272413,39.0185445,-104.893739
10:38:29.353383,39.0185445,-104.893739
10:38:29.488417,39.0185445,-104.893739
10:38:29.583623,39.0185445,-104.893739
10:38:29.702809,39.0185445,-104.893739
10:38:29.797818,39.0185445,-104.893739
10:38:29.894214,39.0185445,-104.893739
10:38:29.983057,39.0185445,-104.893739
10:38:30.077211,39.0185445,-104.893739
10:38:30.165110,39.0185445,-104.893739
10:38:30.197509,39.0185445,-104.893739
10:38:30.219466,39.0185445,-104.8937389
10:38:30.302511,39.0185445,-104.8937389
10:38:30.394499,39.0185445,-104.8937389
10:38:30.497050,39.0185445,-104.8937389
10:38:30.606417,39.0185445,-104.8937389
10:38:30.753226,39.0185445,-104.8937389
10:38:30.873475,39.0185445,-104.8937389
10:38:30.994404,39.0185445,-104.8937389
10:38:31.093338,39.0185445,-104.8937389
10:38:31.186293,39.0185445,-104.8937389
10:38:31.238429,39.0185447,-104.8937389
10:38:31.315885,39.0185447,-104.8937389
10:38:31.393070,39.0185447,-104.8937389
10:38:31.470883,39.0185447,-104.8937389
10:38:31.564674,39.0185447,-104.8937389
10:38:31.643103,39.0185447,-104.8937389
10:38:31.758306,39.0185447,-104.8937389
10:38:31.831414,39.0185447,-104.8937389
10:38:31.906572,39.0185447,-104.8937389
10:38:31.978969,39.0185447,-104.8937389
10:38:32.057623,39.0185447,-104.8937389
10:38:32.143971,39.0185447,-104.8937389
10:38:32.215946,39.0185447,-104.8937389
10:38:32.295324,39.0185448,-104.8937389
10:38:32.401795,39.0185448,-104.8937389
10:38:32.491893,39.0185448,-104.8937389
10:38:32.578982,39.0185448,-104.8937389
10:38:32.701937,39.0185448,-104.8937389
10:38:32.838828,39.0185448,-104.8937389
10:38:32.924249,39.0185448,-104.8937389
10:38:33.010833,39.0185448,-104.8937389
10:38:33.126599,39.0185448,-104.8937389
10:38:33.246392,39.0185448,-104.8937389
10:38:33.344313,39.018545,-104.8937389
10:38:33.461250,39.018545,-104.8937389
10:38:33.581462,39.018545,-104.8937389
10:38:33.697418,39.018545,-104.8937389
10:38:33.809868,39.018545,-104.8937389
10:38:33.922729,39.018545,-104.8937389
10:38:34.030971,39.018545,-104.8937389
10:38:34.128557,39.018545,-104.8937389
10:38:34.242132,39.018545,-104.8937389
10:38:34.324933,39.0185451,-104.8937389
10:38:34.457143,39.0185451,-104.8937389
10:38:34.593685,39.0185451,-104.8937389
10:38:34.704888,39.0185451,-104.8937389
10:38:34.811843,39.0185451,-104.8937389
10:38:34.936993,39.0185451,-104.8937389
10:38:35.047291,39.0185451,-104.8937389
10:38:35.152720,39.0185451,-104.8937389
10:38:35.253775,39.0185451,-104.8937389
10:38:35.329643,39.0185453,-104.8937387
10:38:35.450485,39.0185453,-104.8937387
10:38:35.575392,39.0185453,-104.8937387
10:38:35.686956,39.0185453,-104.8937387
10:38:35.802584,39.0185453,-104.8937387
10:38:35.917147,39.0185453,-104.8937387
10:38:36.010441,39.0185453,-104.8937387
10:38:36.096285,39.0185453,-104.8937387
10:38:36.217122,39.0185453,-104.8937387
10:38:36.272825,39.0185453,-104.8937387
10:38:36.348318,39.0185456,-104.8937388
10:38:36.426196,39.0185456,-104.8937388
10:38:36.510794,39.0185456,-104.8937388
10:38:36.612014,39.0185456,-104.8937388
10:38:36.697606,39.0185456,-104.8937388
10:38:36.782135,39.0185456,-104.8937388
10:38:36.867978,39.0185456,-104.8937388
10:38:36.960254,39.0185456,-104.8937388
10:38:37.039960,39.0185456,-104.8937388
10:38:37.126605,39.0185456,-104.8937388
10:38:37.222659,39.0185456,-104.8937388
10:38:37.327280,39.0185458,-104.8937388
10:38:37.429051,39.0185458,-104.8937388
10:38:37.552945,39.0185458,-104.8937388
10:38:37.664140,39.0185458,-104.8937388
10:38:37.781731,39.0185458,-104.8937388
10:38:37.877766,39.0185458,-104.8937388
10:38:37.988251,39.0185458,-104.8937388
10:38:38.098730,39.0185458,-104.8937388
10:38:38.206463,39.0185458,-104.8937388
10:38:38.304283,39.0185458,-104.8937388
10:38:38.373070,39.0185459,-104.8937388
10:38:38.499511,39.0185459,-104.8937388
10:38:38.605860,39.0185459,-104.8937388
10:38:38.717338,39.0185459,-104.8937388
10:38:38.820171,39.0185459,-104.8937388
10:38:38.933139,39.0185459,-104.8937388
10:38:39.039346,39.0185459,-104.8937388
10:38:39.154914,39.0185459,-104.8937388
10:38:39.271221,39.0185459,-104.8937388
10:38:39.373197,39.0185459,-104.8937388
10:38:39.501759,39.0185459,-104.8937388
10:38:39.611928,39.0185459,-104.8937388
10:38:39.758587,39.0185459,-104.8937388
10:38:39.866825,39.0185459,-104.8937388
10:38:39.980288,39.0185459,-104.8937388
10:38:40.094010,39.0185459,-104.8937388
10:38:40.218180,39.0185459,-104.8937388
10:38:40.307251,39.0185459,-104.8937388
10:38:40.406411,39.018546,-104.8937389
10:38:40.515751,39.018546,-104.8937389
10:38:40.599913,39.018546,-104.8937389
10:38:40.683553,39.018546,-104.8937389
10:38:40.797383,39.018546,-104.8937389
10:38:40.906483,39.018546,-104.8937389
10:38:41.031754,39.018546,-104.8937389
10:38:41.140512,39.018546,-104.8937389
10:38:41.262433,39.018546,-104.8937389
10:38:41.367844,39.0185461,-104.8937388
10:38:41.479866,39.0185461,-104.8937388
10:38:41.565382,39.0185461,-104.8937388
10:38:41.661692,39.0185461,-104.8937388
10:38:41.774613,39.0185461,-104.8937388
10:38:41.863091,39.0185461,-104.8937388
10:38:42.004043,39.0185461,-104.8937388
10:38:42.121136,39.0185461,-104.8937388
10:38:42.237627,39.0185461,-104.8937388
10:38:42.294803,39.0185461,-104.8937388
10:38:42.362894,39.01854599863816,-104.8937388
10:38:42.469056,39.01854598909078,-104.8937388
10:38:42.575767,39.01854597949403,-104.8937388
10:38:42.696638,39.01854596862384,-104.8937388
10:38:42.796027,39.01854595968557,-104.8937388
10:38:42.901376,39.018545950211305,-104.8937388
10:38:43.031340,39.01854593852337,-104.8937388
10:38:43.123048,39.01854593027586,-104.8937388
10:38:43.216345,39.01854592188547,-104.8937388
10:38:43.322500,39.018545912338716,-104.8937388
10:38:43.384384,39.018545697273616,-104.893739
10:38:43.490555,39.01854567817724,-104.893739
10:38:43.593690,39.01854565962693,-104.893739
10:38:43.699130,39.01854564066204,-104.893739
10:38:43.801394,39.01854562226839,-104.893739
10:38:43.900406,39.01854560445967,-104.893739
10:38:44.005431,39.01854558556942,-104.893739
10:38:44.101359,39.01854556831539,-104.893739
10:38:44.196524,39.018545551198606,-104.893739
10:38:44.310459,39.018545530705765,-104.893739
10:38:44.400412,39.01854569863789,-104.8937391
10:38:44.517621,39.01854568809703,-104.8937391
10:38:44.641514,39.018545676955064,-104.8937391
10:38:44.729039,39.01854566908375,-104.8937391
10:38:44.833338,39.01854565970391,-104.8937391
10:38:44.948603,39.01854564933788,-104.8937391
10:38:45.079884,39.0185456375315,-104.8937391
10:38:45.170583,39.01854562937474,-104.8937391
10:38:45.276749,39.018545619827,-104.8937391
10:38:45.372890,39.01854561118083,-104.8937391
10:38:45.425462,39.01854559809236,-104.89373940245532
10:38:45.536060,39.01854558814605,-104.8937394152572
10:38:45.641670,39.01854557864831,-104.8937394274817
10:38:45.753735,39.01854556857006,-104.89373944045339
10:38:45.874195,39.018545557736836,-104.8937394543968
10:38:45.999474,39.01854554647022,-104.89373946889802
10:38:46.109886,39.018545536540636,-104.89373948167837
10:38:46.211313,39.018545527419086,-104.89373949341868
10:38:46.334882,39.018545516306254,-104.89373950772197
10:38:46.435467,39.0185455,-104.89373950175421
10:38:46.550188,39.0185455,-104.89373951503333
10:38:46.652366,39.0185455,-104.89373952686057
10:38:46.773750,39.0185455,-104.89373954091094
10:38:46.894937,39.0185455,-104.8937395549385
10:38:47.031438,39.0185455,-104.89373957073869
10:38:47.127348,39.0185455,-104.8937395818404
10:38:47.225364,39.0185455,-104.8937395931859
10:38:47.323890,39.0185455,-104.89373960459042
10:38:47.478513,39.0185454,-104.8937395
10:38:47.580978,39.0185454,-104.8937395
10:38:47.678856,39.0185454,-104.8937395
10:38:47.796852,39.0185454,-104.8937395
10:38:47.920652,39.0185454,-104.8937395
10:38:48.016932,39.0185454,-104.8937395
10:38:48.102428,39.0185454,-104.8937395
10:38:48.208055,39.0185454,-104.8937395
10:38:48.304525,39.0185454,-104.8937395
10:38:48.371682,39.0185454,-104.8937395
10:38:48.468626,39.0185454,-104.89373949824613
10:38:48.590023,39.0185454,-104.89373948419426
10:38:48.695264,39.0185454,-104.89373947201246
10:38:48.791543,39.0185454,-104.89373946086803
10:38:48.881666,39.0185454,-104.89373945043617
10:38:48.967374,39.0185454,-104.89373944051535
10:38:49.052024,39.0185454,-104.89373943071699
10:38:49.135323,39.0185454,-104.89373942107501
10:38:49.220140,39.0185454,-104.89373941125733
10:38:49.300965,39.0185454,-104.89373940190171
10:38:49.381144,39.0185454,-104.89373939262089
10:38:49.467348,39.0185454,-104.89373938264265
10:38:49.503246,39.01854519863789,-104.89373959824684
10:38:49.594996,39.01854519038661,-104.89373958762664
10:38:49.677776,39.01854518294203,-104.89373957804474
10:38:49.761384,39.01854517542298,-104.893739568367
10:38:49.845897,39.01854516782254,-104.8937395585845
10:38:49.922958,39.01854516089228,-104.89373954966457
10:38:50.021469,39.01854515203297,-104.89373953826178
10:38:50.138392,39.01854514151783,-104.89373952472779
10:38:50.249658,39.018545131511445,-104.8937395118486
10:38:50.355662,39.01854512197827,-104.89373949957847
10:38:50.457903,39.01854511278352,-104.89373948774393
10:38:50.513545,39.018545,-104.8937395982738
10:38:50.617383,39.018545,-104.89373958625441
10:38:50.711382,39.018545,-104.89373957537389
10:38:50.817826,39.018545,-104.89373956305285
10:38:50.932292,39.018545,-104.89373954980324
10:38:51.024822,39.018545,-104.89373953909276
10:38:51.107821,39.018545,-104.89373952948552
10:38:51.203697,39.018545,-104.89373951838773
10:38:51.300454,39.018545,-104.89373950718797
10:38:51.397595,39.018545,-104.89373949594376
10:38:51.507105,39.018545,-104.89373948326782
10:38:51.553700,39.018545,-104.89373959824927
10:38:51.632062,39.018545,-104.89373958917875
10:38:51.712708,39.018545,-104.89373957984387
10:38:51.802890,39.018545,-104.89373956940517
10:38:51.884068,39.018545,-104.8937395600087
10:38:51.969137,39.018545,-104.89373955016184
10:38:52.054892,39.018545,-104.89373954023559
10:38:52.143045,39.018545,-104.89373953003175
10:38:52.225690,39.018545,-104.89373952046547
10:38:52.311444,39.018545,-104.89373951053932
10:38:52.360249,39.018545,-104.89373950489008
10:38:52.445003,39.018545,-104.89373949507969
10:38:52.566703,39.0185446986342,-104.89373959824209
10:38:52.687246,39.01854468779351,-104.89373958428907
10:38:52.812922,39.018544676491196,-104.8937395697419
10:38:52.914474,39.018544667358405,-104.8937395579871
10:38:53.019841,39.01854465788252,-104.89373954579072
10:38:53.125609,39.01854464837058,-104.89373953354793
10:38:53.234792,39.01854463855151,-104.89373952090985
10:38:53.340004,39.01854462908957,-104.8937395087314
10:38:53.421601,39.018544621751374,-104.89373949928644
10:38:53.537915,39.018544611291006,-104.89373948582292
10:38:53.629832,39.0185443972747,-104.89373959824614
10:38:53.734130,39.01854437851521,-104.8937395861735
10:38:53.850066,39.01854435766246,-104.89373957275374
10:38:53.975446,39.01854433511107,-104.89373955824082
10:38:54.091604,39.01854431421839,-104.89373954479538
10:38:54.201830,39.01854429439267,-104.89373953203656
10:38:54.308052,39.01854427528712,-104.89373951974122
10:38:54.390984,39.01854426037061,-104.89373951014171
10:38:54.512256,39.01854423855811,-104.89373949610432
10:38:54.627230,39.01854409727326,-104.8937395
10:38:54.730866,39.018544078632836,-104.8937395
10:38:54.847134,39.018544057720376,-104.8937395
10:38:54.952485,39.01854403877149,-104.8937395
10:38:55.058691,39.018544019668816,-104.8937395
10:38:55.147115,39.0185440037645,-104.8937395
10:38:55.225035,39.01854398974947,-104.8937395
10:38:55.338578,39.01854396932713,-104.8937395
10:38:55.464148,39.018543946741566,-104.8937395
10:38:55.570957,39.01854392753044,-104.8937395
10:38:55.633679,39.0185438962009,-104.8937396
10:38:55.734812,39.01854387801068,-104.8937396
10:38:55.829968,39.01854386089551,-104.8937396
10:38:55.941255,39.018543840878955,-104.8937396
10:38:56.046453,39.018543821957586,-104.8937396
10:38:56.141191,39.0185438049176,-104.8937396
10:38:56.227169,39.018543789453226,-104.8937396
10:38:56.309636,39.018543774620355,-104.8937396
10:38:56.391690,39.01854375986177,-104.8937396
10:38:56.477135,39.018543744493265,-104.8937396
10:38:56.562989,39.01854372905119,-104.8937396
10:38:56.699010,39.018544,-104.8937396
10:38:56.804424,39.018544,-104.8937396
10:38:56.910004,39.018544,-104.8937396
10:38:57.022777,39.018544,-104.8937396
10:38:57.119230,39.018544,-104.8937396
10:38:57.200252,39.018544,-104.8937396
10:38:57.285718,39.018544,-104.8937396
10:38:57.366113,39.018544,-104.8937396
10:38:57.451202,39.018544,-104.8937396
10:38:57.536653,39.018544,-104.8937396
10:38:57.622078,39.018544,-104.8937396
10:38:57.708561,39.018544,-104.8937396
10:38:57.734191,39.0185439,-104.8937395
10:38:57.828401,39.0185439,-104.8937395
10:38:57.910758,39.0185439,-104.8937395
10:38:58.021454,39.0185439,-104.8937395
10:38:58.112779,39.0185439,-104.8937395
10:38:58.203039,39.0185439,-104.8937395
10:38:58.324353,39.0185439,-104.8937395
10:38:58.426202,39.0185439,-104.8937395
10:38:58.507198,39.0185439,-104.8937395
10:38:58.599169,39.0185439,-104.8937395
10:38:58.699416,39.0185439,-104.8937395
10:38:58.736589,39.0185439,-104.8937395
10:38:58.826463,39.0185439,-104.8937395
10:38:58.914180,39.0185439,-104.8937395
10:38:59.036274,39.0185439,-104.8937395
10:38:59.138570,39.0185439,-104.8937395
10:38:59.224601,39.0185439,-104.8937395
10:38:59.310082,39.0185439,-104.8937395
10:38:59.399743,39.0185439,-104.8937395
10:38:59.474762,39.0185439,-104.8937395
10:38:59.564725,39.0185439,-104.8937395
10:38:59.650116,39.0185439,-104.8937395
10:38:59.731770,39.0185439,-104.8937395
10:38:59.767936,39.0185439,-104.8937395
10:38:59.853742,39.0185439,-104.8937395
10:38:59.936576,39.0185439,-104.8937395
10:39:00.035623,39.0185439,-104.8937395
10:39:00.121045,39.0185439,-104.8937395
10:39:00.209249,39.0185439,-104.8937395
10:39:00.316167,39.0185439,-104.8937395
10:39:00.426636,39.0185439,-104.8937395
10:39:00.464404,39.0185439,-104.8937395
10:39:00.548776,39.0185439,-104.8937395
10:39:00.631599,39.0185439,-104.8937395
10:39:00.709872,39.0185439,-104.8937395
10:39:00.798382,39.018544,-104.8937394
10:39:00.904750,39.018544,-104.8937394
10:39:01.003492,39.018544,-104.8937394
10:39:01.099804,39.018544,-104.8937394
10:39:01.199149,39.018544,-104.8937394
10:39:01.300469,39.018544,-104.8937394
10:39:01.396020,39.018544,-104.8937394
10:39:01.495734,39.018544,-104.8937394
10:39:01.601952,39.018544,-104.8937394
10:39:01.735557,39.018544,-104.8937394
10:39:01.783956,39.0185442,-104.8937395
10:39:01.901910,39.0185442,-104.8937395
10:39:02.001430,39.0185442,-104.8937395
10:39:02.102893,39.0185442,-104.8937395
10:39:02.241437,39.0185442,-104.8937395
10:39:02.353010,39.0185442,-104.8937395
10:39:02.453315,39.0185442,-104.8937395
10:39:02.515533,39.0185442,-104.8937395
10:39:02.619236,39.0185442,-104.8937395
10:39:02.720558,39.0185442,-104.8937395
10:39:02.803256,39.01854440136679,-104.8937394
10:39:02.879909,39.01854440826036,-104.8937394
10:39:02.965141,39.01854441592546,-104.8937394
10:39:03.050948,39.01854442364227,-104.8937394
10:39:03.132367,39.018544430964454,-104.8937394
10:39:03.225601,39.01854443934919,-104.8937394
10:39:03.308743,39.01854444682633,-104.8937394
10:39:03.395732,39.01854445464944,-104.8937394
10:39:03.507031,39.018544464658795,-104.8937394
10:39:03.635313,39.01854447619547,-104.8937394
10:39:03.740613,39.01854448566533,-104.8937394
10:39:03.830366,39.0185444,-104.8937394
10:39:03.925438,39.0185444,-104.8937394
10:39:04.047028,39.0185444,-104.8937394
10:39:04.161831,39.0185444,-104.8937394
10:39:04.283238,39.0185444,-104.8937394
10:39:04.384517,39.0185444,-104.8937394
10:39:04.541805,39.0185444,-104.8937394
10:39:04.648062,39.0185444,-104.8937394
10:39:04.769214,39.0185444,-104.8937394
10:39:04.875520,39.0185445,-104.8937391
10:39:04.980344,39.0185445,-104.8937391
10:39:05.064676,39.0185445,-104.8937391
10:39:05.142519,39.0185445,-104.8937391
10:39:05.226319,39.0185445,-104.8937391
10:39:05.308316,39.0185445,-104.8937391
10:39:05.407659,39.0185445,-104.8937391
10:39:05.507590,39.0185445,-104.8937391
10:39:05.602735,39.0185445,-104.8937391
10:39:05.694882,39.0185445,-104.8937391
10:39:05.772592,39.0185445,-104.8937391
10:39:05.855171,39.0185445,-104.8937391
10:39:05.890655,39.0185446,-104.8937391
10:39:05.981506,39.0185446,-104.8937391
10:39:06.067327,39.0185446,-104.8937391
10:39:06.162622,39.0185446,-104.8937391
10:39:06.244964,39.0185446,-104.8937391
10:39:06.340454,39.0185446,-104.8937391
10:39:06.440298,39.0185446,-104.8937391
10:39:06.521763,39.0185446,-104.8937391
10:39:06.633211,39.0185446,-104.8937391
10:39:06.744544,39.0185446,-104.8937391
10:39:06.858496,39.0185446,-104.8937391
10:39:06.937346,39.0185447,-104.8937389
10:39:07.037435,39.0185447,-104.8937389
10:39:07.123123,39.0185447,-104.8937389
10:39:07.208487,39.0185447,-104.8937389
10:39:07.309517,39.0185447,-104.8937389
10:39:07.400643,39.0185447,-104.8937389
10:39:07.489981,39.0185447,-104.8937389
10:39:07.575714,39.0185447,-104.8937389
10:39:07.667013,39.0185447,-104.8937389
10:39:07.783081,39.0185447,-104.8937389
10:39:07.867407,39.0185447,-104.8937389
10:39:07.971723,39.0185446,-104.8937389
10:39:08.046984,39.0185446,-104.8937389
10:39:08.119390,39.0185446,-104.8937389
10:39:08.195198,39.0185446,-104.8937389
10:39:08.267865,39.0185446,-104.8937389
10:39:08.361343,39.0185446,-104.8937389
10:39:08.448544,39.0185446,-104.8937389
10:39:08.528403,39.0185446,-104.8937389
10:39:08.608961,39.0185446,-104.8937389
10:39:08.691585,39.0185446,-104.8937389
10:39:08.808578,39.0185446,-104.8937389
10:39:08.894532,39.0185446,-104.8937389
10:39:08.941263,39.0185446,-104.8937389
10:39:09.039803,39.0185446,-104.8937389
10:39:09.142773,39.0185446,-104.8937389
10:39:09.239830,39.0185446,-104.8937389
10:39:09.363028,39.0185446,-104.8937389
10:39:09.466598,39.0185446,-104.8937389
10:39:09.573852,39.0185446,-104.8937389
10:39:09.672614,39.0185446,-104.8937389
10:39:09.772919,39.0185446,-104.8937389
10:39:09.881018,39.0185446,-104.8937389
10:39:09.957048,39.01854449908224,-104.893739
10:39:10.093752,39.01854448678815,-104.893739
10:39:10.199994,39.01854447723358,-104.893739
10:39:10.303542,39.01854446792129,-104.893739
10:39:10.387423,39.01854446037768,-104.893739
10:39:10.500346,39.01854445022228,-104.893739
10:39:10.551377,39.01854444563295,-104.893739
10:39:10.669327,39.01854443502545,-104.893739
10:39:10.807453,39.01854442260348,-104.893739
10:39:10.925140,39.01854441201964,-104.893739
10:39:10.992591,39.01854439815864,-104.893739
10:39:11.081713,39.01854439014371,-104.893739
10:39:11.187112,39.01854438066495,-104.893739
10:39:11.290258,39.018544371388806,-104.893739
10:39:11.371229,39.01854436410691,-104.893739
10:39:11.470941,39.018544355139596,-104.893739
10:39:11.545970,39.018544348392076,-104.893739
10:39:11.617863,39.01854434192658,-104.893739
10:39:11.699187,39.01854433461294,-104.893739
10:39:11.776933,39.01854432762107,-104.893739
10:39:11.857047,39.01854432041625,-104.893739
10:39:11.940080,39.01854431294891,-104.893739
10:39:11.993865,39.01854501463664,-104.89373838351608
10:39:12.099110,39.01854516607521,-104.89373821296448
10:39:12.201345,39.018545313182635,-104.89373804729063
10:39:12.299752,39.0185454547819,-104.89373788782014
10:39:12.415761,39.018545621708945,-104.89373769982527
10:39:12.532970,39.01854579036268,-104.89373750988577
10:39:12.631026,39.01854593145689,-104.89373735098407
10:39:12.713901,39.01854605070693,-104.89373721668349
10:39:12.816920,39.018546198942474,-104.89373704973917
10:39:12.903569,39.018546323622985,-104.89373690932275
10:39:12.976691,39.018546428839294,-104.8937367908271
10:39:13.002913,39.0185462,-104.89373758809496
10:39:13.084710,39.0185462,-104.89373749341378
10:39:13.162260,39.0185462,-104.89373740364856
10:39:13.244100,39.0185462,-104.8937373089176
10:39:13.321282,39.0185462,-104.89373721957834
10:39:13.398745,39.0185462,-104.89373712991382
10:39:13.471033,39.0185462,-104.89373704623944
10:39:13.551387,39.0185462,-104.89373695322854
10:39:13.639310,39.0185462,-104.89373685145642
10:39:13.732683,39.0185462,-104.89373674337587
10:39:13.840831,39.0185462,-104.89373661819302
10:39:13.938021,39.0185462,-104.89373650569422
10:39:14.026058,39.01854609546877,-104.89373670116643
10:39:14.107046,39.018546059051644,-104.8937367105409
10:39:14.217828,39.01854600923732,-104.89373672336409
10:39:14.323913,39.018545961535054,-104.89373673564357
10:39:14.424715,39.018545916208346,-104.89373674731155
10:39:14.547303,39.01854586108532,-104.89373676150127
10:39:14.625441,39.01854582594973,-104.89373677054586
10:39:14.749133,39.018545770330284,-104.89373678486339
10:39:14.845465,39.01854572701356,-104.89373679601395
10:39:14.948785,39.01854568055461,-104.89373680797338
10:39:15.026354,39.01854568911892,-104.89373652450874
10:39:15.146771,39.01854560248404,-104.89373671964688
10:39:15.236716,39.018545537772454,-104.89373686540453
10:39:15.332809,39.01854546863764,-104.89373702112513
10:39:15.415150,39.01854540939681,-104.89373715456036
10:39:15.528219,39.018545328048496,-104.89373733779091
10:39:15.632700,39.01854525287888,-104.89373750710445
10:39:15.707724,39.018545198902316,-104.89373762868232
10:39:15.790253,39.018545139526225,-104.89373776242219
10:39:15.875099,39.01854507848315,-104.89373789991681
10:39:15.957348,39.01854501930851,-104.89373803320295
10:39:16.029695,39.01854496725793,-104.8937381504427
10:39:16.055924,39.01854529588237,-104.89374016889732
10:39:16.127635,39.018545276534994,-104.89374049262265
10:39:16.207936,39.01854525487006,-104.89374085512588
10:39:16.285075,39.01854523405823,-104.89374120335486
10:39:16.395150,39.018545204360386,-104.893741700267
10:39:16.514331,39.01854517220577,-104.89374223828639
10:39:16.584767,39.01854515320238,-104.89374255625599
10:39:16.706512,39.01854512035601,-104.89374310585006
10:39:16.820927,39.01854508948725,-104.8937436223543
10:39:16.918793,39.018545063083344,-104.89374406415128
10:39:17.045678,39.01854502885022,-104.89374463694888
10:39:17.176925,39.018544800922164,-104.89374281542989
10:39:17.269380,39.01854480923684,-104.89374295455325
10:39:17.374552,39.01854481869519,-104.89374311281276
10:39:17.470609,39.018544827333805,-104.89374325735629
10:39:17.555472,39.01854483496572,-104.89374338505544
10:39:17.641710,39.01854484272128,-104.89374351482365
10:39:17.714882,39.0185448493018,-104.89374362493056
10:39:17.841104,39.018544860653215,-104.89374381486545
10:39:17.930777,39.018544868717704,-104.89374394980253
10:39:18.025008,39.0185448771921,-104.89374409159836
10:39:18.092552,39.018544296347855,-104.89374214829269
10:39:18.211055,39.01854427503339,-104.89374184652112
10:39:18.330286,39.01854425358799,-104.89374154289568
10:39:18.414443,39.01854423845115,-104.89374132858727
10:39:18.509261,39.01854422139677,-104.89374108713028
10:39:18.607652,39.01854420369975,-104.89374083657455
10:39:18.695149,39.018544187962156,-104.89374061376071
10:39:18.789272,39.01854417103279,-104.89374037407357
10:39:18.899676,39.01854415117505,-104.89374009292636
10:39:19.008179,39.018544131659226,-104.8937398166201
10:39:19.096806,39.0185442,-104.89374028235254
10:39:19.195127,39.0185442,-104.8937401685446
10:39:19.292777,39.0185442,-104.89374005551335
10:39:19.391748,39.0185442,-104.89373994095301
10:39:19.508559,39.0185442,-104.89373980574264
10:39:19.626444,39.0185442,-104.89373966928909
10:39:19.774650,39.0185442,-104.89373949773855
10:39:19.876529,39.0185442,-104.89373937981216
10:39:19.978171,39.0185442,-104.89373926216011
10:39:20.051639,39.0185442,-104.89373917711987
10:39:20.114324,39.0185446047673,-104.89373919263682
10:39:20.204252,39.0185446452044,-104.89373913018106
10:39:20.316482,39.01854469566983,-104.89373905223637
10:39:20.410711,39.018544738040916,-104.89373898679354
10:39:20.494466,39.01854477570226,-104.89373892862498
10:39:20.603813,39.01854482487132,-104.89373885268256
10:39:20.678118,39.01854485828336,-104.8937388010771
10:39:20.776765,39.018544902641054,-104.89373873256594
10:39:20.882901,39.018544950366255,-104.89373865885358
10:39:20.992493,39.01854499964548,-104.89373858274101
10:39:21.065331,39.018545032397874,-104.8937385321544
10:39:21.125077,39.01854469717739,-104.8937387
10:39:21.217875,39.018544680486336,-104.8937387
10:39:21.326908,39.01854466087519,-104.8937387
10:39:21.438792,39.01854464075125,-104.8937387
10:39:21.552166,39.018544620359314,-104.8937387
10:39:21.664624,39.01854460013213,-104.8937387
10:39:21.752942,39.018544584246875,-104.8937387
10:39:21.859859,39.01854456501632,-104.8937387
10:39:21.948151,39.01854454913574,-104.8937387
10:39:22.029892,39.01854453443345,-104.8937387
10:39:22.107147,39.018544520538036,-104.8937387
10:39:22.159690,39.01854430273034,-104.8937385017571
10:39:22.243952,39.01854431788607,-104.89373851151055
10:39:22.341515,39.01854433543417,-104.8937385228036
10:39:22.421866,39.01854434988645,-104.89373853210435
10:39:22.503478,39.018544364565535,-104.89373854155104
10:39:22.575756,39.018544377565775,-104.89373854991733
10:39:22.607902,39.01854438334769,-104.89373855363827
10:39:22.684277,39.018544397084824,-104.89373856247879
10:39:22.764815,39.01854441157074,-104.89373857180118
10:39:22.843204,39.01854442567012,-104.89373858087481
10:39:22.930171,39.018544441312386,-104.89373859094137
10:39:23.015380,39.018544456638445,-104.89373860080443
10:39:23.097831,39.01854447146844,-104.89373861034825
10:39:23.145806,39.01854399907442,-104.893739
10:39:23.240570,39.01854399055208,-104.893739
10:39:23.331576,39.01854398236772,-104.893739
10:39:23.423402,39.01854397410961,-104.893739
10:39:23.503155,39.01854396693725,-104.893739
10:39:23.586320,39.01854395945804,-104.893739
10:39:23.690252,39.01854395011121,-104.893739
10:39:23.797517,39.01854394046464,-104.893739
10:39:23.916902,39.01854392972809,-104.893739
10:39:24.043211,39.01854391836885,-104.893739
10:39:24.136297,39.01854390999742,-104.893739
10:39:24.203457,39.018543702722965,-104.89373868948584
10:39:24.307463,39.018543721429936,-104.8937386172528
10:39:24.442653,39.018543745745795,-104.89373852336219
10:39:24.545477,39.018543764240164,-104.89373845195006
10:39:24.652993,39.01854378357846,-104.89373837727928
10:39:24.674086,39.01854378737233,-104.89373836263002
10:39:24.763986,39.01854380354214,-104.8937383001937
10:39:24.854461,39.01854381981536,-104.89373823735805
10:39:24.928950,39.01854383321327,-104.89373818562481
10:39:25.052048,39.01854385535421,-104.89373810013221
10:39:25.150912,39.018543873136316,-104.89373803147032
10:39:25.222647,39.01854400408553,-104.8937388
10:39:25.336151,39.018544034708505,-104.8937388
10:39:25.428672,39.01854405967035,-104.8937388
10:39:25.536584,39.01854408878462,-104.8937388
10:39:25.634225,39.018544115127824,-104.8937388
10:39:25.746592,39.01854414544405,-104.8937388
10:39:25.878400,39.01854418100538,-104.8937388
10:39:25.982289,39.01854420903427,-104.8937388
10:39:26.096899,39.01854423995564,-104.8937388
10:39:26.202437,39.01854426842942,-104.8937388
10:39:26.245750,39.01854399724376,-104.8937397070951
10:39:26.328019,39.01854397504787,-104.89373976423161
10:39:26.439614,39.018543944939935,-104.89373984173528
10:39:26.550064,39.01854391514091,-104.89373991844374
10:39:26.665313,39.01854388404713,-104.89373999848515
10:39:26.695167,39.018543875992634,-104.89374001921901
10:39:26.781867,39.018543852601276,-104.89374007943289
10:39:26.897489,39.018543821406865,-104.89374015973335
10:39:26.999087,39.01854379399609,-104.89374023029403
10:39:27.108403,39.018543764503015,-104.89374030621491
10:39:27.194173,39.01854374136257,-104.8937403657829
10:39:27.266476,39.0185439021885,-104.8937398
10:39:27.384552,39.018543912807324,-104.8937398
10:39:27.516012,39.01854392462981,-104.8937398
10:39:27.608368,39.018543932935586,-104.8937398
10:39:27.710416,39.01854394211298,-104.8937398
10:39:27.818135,39.01854395180038,-104.8937398
10:39:27.913568,39.01854396038288,-104.8937398
10:39:28.021506,39.01854397008998,-104.8937398
10:39:28.127915,39.01854397965957,-104.8937398
10:39:28.245195,39.01854399020681,-104.8937398
10:39:28.342353,39.01854360922308,-104.89373947329024
10:39:28.468181,39.01854365448702,-104.89373934220733
10:39:28.586647,39.01854369710263,-104.89373921879387
10:39:28.725320,39.018543746987284,-104.8937390743295
10:39:28.826887,39.01854378352384,-104.8937389685208
10:39:28.937329,39.01854382325299,-104.89373885346644
10:39:29.049981,39.01854386377715,-104.89373873610978
10:39:29.142500,39.018543897058876,-104.89373863972695
10:39:29.270312,39.01854394303651,-104.89373850657718
10:39:29.378571,39.01854391621288,-104.8937384860883
10:39:29.496216,39.0185440114335,-104.89373840438284
10:39:29.590401,39.018544087665845,-104.89373833897056
10:39:29.683212,39.018544162786085,-104.89373827451254
10:39:29.758145,39.018544223436066,-104.89373822247094
10:39:29.836520,39.018544286871965,-104.89373816803884
10:39:29.937208,39.01854436836777,-104.89373809811018
10:39:30.013088,39.01854442978424,-104.89373804541087
10:39:30.099325,39.018544499583555,-104.89373798551854
10:39:30.175249,39.01854456103564,-104.89373793278868
10:39:30.255408,39.01854462591549,-104.89373787711757
10:39:30.337233,39.018544692143784,-104.89373782028942
10:39:30.369540,39.01854419815657,-104.8937386
10:39:30.467968,39.018544180452885,-104.8937386
10:39:30.610360,39.01854415484165,-104.8937386
10:39:30.707241,39.018544137416214,-104.8937386
10:39:30.766889,39.018544126687665,-104.8937386
10:39:30.877603,39.018544106774165,-104.8937386
10:39:30.954712,39.01854409290501,-104.8937386
10:39:31.033867,39.018544078667844,-104.8937386
10:39:31.154622,39.01854405694833,-104.8937386
10:39:31.256104,39.01854403869534,-104.8937386
10:39:31.360457,39.018544019925955,-104.8937386
10:39:31.386611,39.018544001842706,-104.89373850237175
10:39:31.463570,39.01854401568489,-104.89373852018797
10:39:31.544129,39.018544030174574,-104.89373853883761
10:39:31.663599,39.018544051662964,-104.89373856649524
10:39:31.773384,39.01854407140937,-104.89373859191079
10:39:31.874228,39.01854408954761,-104.89373861525645
10:39:31.981903,39.0185441089145,-104.89373864018353
10:39:32.088939,39.01854412816646,-104.89373866496265
10:39:32.182094,39.01854414492172,-104.89373868652831
10:39:32.313129,39.01854416849024,-104.89373871686328
10:39:32.408416,39.01854418562897,-104.89373873892248
10:39:32.453902,39.01854461265615,-104.89373880325793
10:39:32.553796,39.01854470249298,-104.89373882638368
10:39:32.629850,39.01854477088999,-104.89373884399039
10:39:32.713025,39.01854484569106,-104.89373886324564
10:39:32.770093,39.01854489701355,-104.89373887645705
10:39:32.865290,39.01854498262627,-104.89373889849541
10:39:32.973388,39.01854507984113,-104.89373892352042
10:39:33.088791,39.01854518362555,-104.89373895023652
10:39:33.209332,39.01854529203067,-104.89373897814211
10:39:33.288628,39.01854536334328,-104.89373899649937
10:39:33.388079,39.01854545278171,-104.89373901952254
10:39:33.445774,39.01854489818787,-104.89373819416902
10:39:33.527562,39.01854488347713,-104.89373814683364
10:39:33.651930,39.01854486110776,-104.89373807485478
10:39:33.773736,39.01854483919921,-104.8937380043587
10:39:33.894157,39.01854481753976,-104.8937379346642
10:39:33.989427,39.018544800404094,-104.89373787952601
10:39:34.100173,39.01854478048484,-104.89373781543098
10:39:34.221021,39.0185447587486,-104.89373774548935
10:39:34.330636,39.01854473903276,-104.8937376820489
10:39:34.447497,39.01854471801364,-104.89373761441476
10:39:34.478620,39.018544299083956,-104.89373810117904
10:39:34.550609,39.018544292609825,-104.89373810951187
10:39:34.630060,39.01854428546463,-104.89373811870843
10:39:34.732400,39.01854427626097,-104.89373813055442
10:39:34.780119,39.018544271969496,-104.89373813607797
10:39:34.852932,39.01854426542127,-104.89373814450617
10:39:34.940026,39.018544257588715,-104.89373815458744
10:39:35.017845,39.01854425059028,-104.89373816359509
10:39:35.133090,39.01854424022605,-104.89373817693486
10:39:35.230286,39.018544231485,-104.89373818818544
10:39:35.309253,39.018544224383334,-104.89373819732597
10:39:35.411663,39.01854421517338,-104.89373820918009
10:39:35.478532,39.0185443,-104.8937387
10:39:35.585643,39.0185443,-104.8937387
10:39:35.679566,39.0185443,-104.8937387
10:39:35.782385,39.0185443,-104.8937387
10:39:35.861918,39.0185443,-104.8937387
10:39:35.944308,39.0185443,-104.8937387
10:39:36.048230,39.0185443,-104.8937387
10:39:36.142996,39.0185443,-104.8937387
10:39:36.252015,39.0185443,-104.8937387
10:39:36.355732,39.0185443,-104.8937387
10:39:36.462395,39.0185443,-104.8937387
10:39:36.512282,39.01854409012005,-104.89373942331349
10:39:36.598340,39.01854404368376,-104.89373953288818
10:39:36.703994,39.018543986673606,-104.89373966741377
10:39:36.785971,39.01854394243939,-104.89373977179226
10:39:36.910832,39.018543875065276,-104.89373993077346
10:39:37.026453,39.018543812677,-104.8937400779897
10:39:37.124946,39.01854375953087,-104.89374020339744
10:39:37.212394,39.018543712344545,-104.89374031474196
10:39:37.314855,39.01854365705731,-104.89374044520203
10:39:37.417501,39.01854360167025,-104.89374057589764
10:39:37.663696,39.01854319586322,-104.89374050887409
10:39:37.778896,39.018543164782656,-104.8937405755469
10:39:37.884672,39.018543136244666,-104.8937406367655
10:39:38.028781,39.018543097364564,-104.8937407201696
10:39:38.177758,39.018543057171094,-104.8937408063911
10:39:38.290342,39.01854302679633,-104.89374087154988
10:39:38.408849,39.018542994823555,-104.89374094013664
10:39:38.527573,39.01854296279224,-104.89374100884899
10:39:38.560442,39.01854330598876,-104.89374007302159
10:39:38.696080,39.018543354781634,-104.89373985321754
10:39:38.796622,39.01854339094947,-104.89373969028723
10:39:38.858585,39.018543413239335,-104.89373958987497
10:39:38.958310,39.018543449113274,-104.89373942826865
10:39:39.074553,39.01854349092921,-104.89373923989457
10:39:39.179192,39.01854352857086,-104.893739070325
10:39:39.266632,39.01854356002553,-104.89373892862676
10:39:39.340719,39.01854358667675,-104.8937388085673
10:39:39.445760,39.018543624463,-104.89373863834629
10:39:39.545089,39.01854366019449,-104.89373847738169
10:39:39.590656,39.01854350550781,-104.89373979645546
10:39:39.691175,39.01854354166737,-104.89373977318503
10:39:39.791386,39.01854357771614,-104.89373974998591
10:39:39.896748,39.018543615617865,-104.8937397255943
10:39:40.004182,39.01854365426495,-104.89373970072303
10:39:40.126212,39.01854369816264,-104.89373967247275
10:39:40.213607,39.01854372960112,-104.89373965224055
10:39:40.321918,39.01854376856369,-104.89373962716625
10:39:40.434895,39.01854380920476,-104.89373960101176
10:39:40.537849,39.018543846240256,-104.89373957717761
10:39:40.586769,39.01854380273547,-104.8937399
10:39:40.704159,39.01854383440688,-104.8937399
10:39:40.824504,39.01854386687554,-104.8937399
10:39:40.946786,39.01854389986679,-104.8937399
10:39:41.054185,39.01854392884266,-104.8937399
10:39:41.155934,39.01854395629418,-104.8937399
10:39:41.269583,39.01854398695628,-104.8937399
10:39:41.409309,39.01854402465387,-104.8937399
10:39:41.540849,39.018544060142894,-104.8937399
10:39:41.712964,39.01854440938263,-104.89373878430075
10:39:41.885051,39.018544564144186,-104.89373852534968
10:39:42.015950,39.01854468186448,-104.893738328377
10:39:42.178474,39.018544828025824,-104.89373808381603
10:39:42.292942,39.01854493096937,-104.89373791156821
10:39:42.398330,39.01854502574708,-104.89373775298368
10:39:42.529054,39.01854514330999,-104.89373755627435
10:39:42.612076,39.01854459732002,-104.89373818447774
10:39:42.695945,39.01854458223498,-104.89373809710614
10:39:42.812943,39.01854456119121,-104.89373797522198
10:39:42.908133,39.018544544069925,-104.89373787605659
10:39:43.021915,39.018544523604604,-104.89373775752274
10:39:43.128739,39.01854450439078,-104.89373764623748
10:39:43.221376,39.01854448772869,-104.89373754973172
10:39:43.298487,39.01854447385917,-104.89373746940035
10:39:43.381671,39.01854445889734,-104.89373738274236
10:39:43.466101,39.01854444371139,-104.89373729478633
10:39:43.542310,39.01854443000411,-104.89373721539465
10:39:43.642509,39.018544411981885,-104.89373711101106
10:39:43.699356,39.01854430456802,-104.89373707648208
10:39:43.824520,39.018544327080555,-104.8937369605788
10:39:43.945291,39.01854434880295,-104.8937368487435
10:39:44.052919,39.018544368161386,-104.89373674907876
10:39:44.154079,39.01854438635646,-104.89373665540346
10:39:44.274928,39.018544408092886,-104.89373654349592
10:39:44.384304,39.018544427765725,-104.8937364422125
10:39:44.488111,39.0185444464369,-104.89373634608604
10:39:44.598178,39.018544466234026,-104.89373624416277
10:39:44.684040,39.01854420308539,-104.89373760926613
10:39:44.756111,39.0185442225299,-104.89373766766236
10:39:44.837905,39.01854424459763,-104.89373773393676
10:39:44.858815,39.018544250239074,-104.8937377508793
10:39:44.938172,39.01854427164931,-104.8937378151791
10:39:45.020139,39.01854429376372,-104.89373788159367
10:39:45.106723,39.01854431712378,-104.8937379517492
10:39:45.186875,39.018544338748505,-104.89373801669315
10:39:45.259036,39.01854435821729,-104.89373807516232
10:39:45.340439,39.018544380179534,-104.8937381411199
10:39:45.422157,39.018544402226766,-104.89373820733272
10:39:45.498909,39.018544422934184,-104.89373826952179
10:39:45.573840,39.018544443150304,-104.89373833023537
10:39:45.650464,39.01854446382319,-104.89373839232073
10:39:45.696005,39.018544300920546,-104.89373870829382
10:39:45.803783,39.01854431061326,-104.89373879562201
10:39:45.902236,39.018544319467345,-104.89373887539453
10:39:46.010863,39.018544329236406,-104.89373896341063
10:39:46.148261,39.01854434159291,-104.89373907473872
10:39:46.238977,39.018544349751195,-104.89373914824225
10:39:46.354522,39.01854436014241,-104.89373924186373
10:39:46.488931,39.018544372230096,-104.89373935076995
10:39:46.604765,39.0185443826473,-104.8937394446256
10:39:46.710260,39.01854439213469,-104.89373953010396
10:39:46.798452,39.0185443,-104.89373920128125
10:39:46.839422,39.0185443,-104.89373920602358
10:39:46.941762,39.0185443,-104.89373921786958
10:39:47.065745,39.0185443,-104.8937392322208
10:39:47.208542,39.0185443,-104.89373924874975
10:39:47.296479,39.0185443,-104.89373925892858
10:39:47.441851,39.0185443,-104.89373927575559
10:39:47.545161,39.0185443,-104.89373928771387
10:39:47.663019,39.0185443,-104.8937393013561
10:39:47.767483,39.0185445,-104.89373951069057
10:39:47.863908,39.0185445,-104.89373961114254
10:39:47.976321,39.0185445,-104.89373972825021
10:39:48.063802,39.0185445,-104.89373981938465
10:39:48.169229,39.0185445,-104.89373992921456
10:39:48.280993,39.0185445,-104.89374004564613
10:39:48.403776,39.0185445,-104.89374017355688
10:39:48.504017,39.0185445,-104.89374027798422
10:39:48.614741,39.0185445,-104.89374039333235
10:39:48.758870,39.0185445,-104.89374054348058
10:39:48.782926,39.0185445009182,-104.89373978227268
10:39:48.858387,39.018544507704576,-104.89373965125192
10:39:48.966750,39.0185445174499,-104.89373946310437
10:39:49.054868,39.01854452537454,-104.89373931010762
10:39:49.146045,39.01854453357428,-104.89373915179962
10:39:49.256251,39.01854454348535,-104.89373896045213
10:39:49.383100,39.01854455489315,-104.89373874020785
10:39:49.476415,39.01854456328517,-104.89373857818771
10:39:49.564606,39.018544571216374,-104.89373842506421
10:39:49.648657,39.01854457877526,-104.8937382791289
10:39:49.720771,39.018544585260635,-104.89373815391943
10:39:49.771172,39.01854530581843,-104.89373870748888
10:39:49.853793,39.01854535040014,-104.89373876486987
10:39:49.935222,39.01854539433866,-104.893738821423
10:39:50.042843,39.01854545241019,-104.8937388961667
10:39:50.153269,39.018545511995285,-104.89373897285849
10:39:50.242874,39.01854556034551,-104.89373903508992
10:39:50.358885,39.01854562294423,-104.89373911566055
10:39:50.449019,39.0185456715799,-104.89373917825938
10:39:50.560243,39.01854573159559,-104.89373925550538
10:39:50.693039,39.01854580325138,-104.89373934773333
10:39:50.780403,39.01854585039238,-104.89373940840838
10:39:50.849457,39.018545794458376,-104.89374031545398
10:39:50.895477,39.01854576962631,-104.89374038470342
10:39:50.967208,39.01854573092077,-104.89374049264195
10:39:51.047119,39.01854568780136,-104.8937406128895
10:39:51.127176,39.01854564460316,-104.89374073335675
10:39:51.198783,39.018545605964526,-104.8937408411087
10:39:51.278562,39.01854556291634,-104.89374096115762
10:39:51.370733,39.018545513181515,-104.89374109985361
10:39:51.450551,39.01854547011229,-104.89374121996123
10:39:51.527652,39.01854542850913,-104.89374133598037
10:39:51.603682,39.018545387483876,-104.8937414503879
10:39:51.691564,39.01854534006337,-104.89374158262997
10:39:51.763619,39.018545301182996,-104.89374169105605
10:39:51.815245,39.01854580750034,-104.89373864207799
10:39:51.913133,39.01854587792658,-104.89373809820562
10:39:52.015409,39.018545951509786,-104.89373752995323
10:39:52.126017,39.01854603108752,-104.89373691540767
10:39:52.230962,39.01854610659097,-104.89373633232613
10:39:52.343353,39.01854618745149,-104.8937357078741
10:39:52.432206,39.01854625137743,-104.8937352142008
10:39:52.529719,39.01854632153386,-104.89373467241195
10:39:52.623932,39.01854638931609,-104.89373414895813
10:39:52.727395,39.0185464637533,-104.89373357411067
10:39:52.837936,39.01854466385303,-104.89373435929092
10:39:52.886442,39.01854459405703,-104.89373428068599
10:39:53.021244,39.01854440008847,-104.89373406223669
10:39:53.094843,39.0185442941858,-104.89373394296805
10:39:53.196730,39.018544147579114,-104.89373377785815
10:39:53.279076,39.01854402909025,-104.89373364441482
10:39:53.350332,39.018543926558955,-104.89373352894307
10:39:53.435027,39.01854380469009,-104.89373339169315
10:39:53.522145,39.01854367933473,-104.8937332505167
10:39:53.595877,39.01854357324068,-104.89373313103255
10:39:53.676212,39.01854345764548,-104.89373300084809
10:39:53.782872,39.01854330417085,-104.89373282800345
10:39:53.833302,39.01854347296963,-104.89373664252197
10:39:53.929999,39.01854331643857,-104.89373688876388
10:39:54.004179,39.01854319635755,-104.89373707766555
10:39:54.102413,39.018543037338425,-104.89373732782148
10:39:54.195032,39.01854288740874,-104.89373756367864
10:39:54.267294,39.01854277043254,-104.89373774769606
10:39:54.391314,39.01854256967158,-104.89373806351685
10:39:54.475805,39.01854243289934,-104.8937382786758
10:39:54.582480,39.0185422602161,-104.893738550327
10:39:54.678067,39.01854210548188,-104.89373879374226
10:39:54.811999,39.018541888675585,-104.89373913480425
10:39:54.860285,39.01854330135788,-104.89373963670235
10:39:54.919622,39.01854330669419,-104.89373978093751
10:39:55.013369,39.01854331512506,-104.89374000881581
10:39:55.101464,39.01854332304763,-104.89374022295534
10:39:55.183717,39.01854333044482,-104.89374042289425
10:39:55.287483,39.01854333977672,-104.89374067512654
10:39:55.382956,39.01854334836282,-104.89374090720035
10:39:55.465386,39.018543355775925,-104.89374110756953
10:39:55.571013,39.018543365275185,-104.89374136432548
10:39:55.653291,39.01854337267463,-104.89374156432517
10:39:55.724838,39.018543379109005,-104.89374173824015
10:39:55.807232,39.01854338651887,-104.8937419385218
10:39:55.850035,39.01854541463232,-104.89374199411462
10:39:55.943100,39.01854554854491,-104.8937419402526
10:39:56.045867,39.01854569641784,-104.89374188077547
10:39:56.132666,39.018545821314184,-104.89374183053994
10:39:56.245569,39.01854598377196,-104.89374176519652
10:39:56.359519,39.018546147736274,-104.89374169924716
10:39:56.451433,39.01854627999267,-104.89374164605128
10:39:56.533938,39.01854639871031,-104.89374159830093
10:39:56.681159,39.01854661054875,-104.89374151309573
10:39:56.829822,39.01854682446211,-104.89374142705597
10:39:56.912969,39.01854694410354,-104.89374137893405
10:39:56.954161,39.01854700337531,-104.8937413550939
10:39:57.076890,39.018547179971854,-104.89374128406362
10:39:57.172391,39.01854731738964,-104.89374122879174
10:39:57.300281,39.01854750141242,-104.8937411547745
10:39:57.397891,39.01854764186487,-104.89374109828202
10:39:57.499925,39.01854778868308,-104.89374103922913
10:39:57.605139,39.01854794007704,-104.89374097833579
10:39:57.717393,39.018548101600956,-104.89374091336798
10:39:57.819654,39.0185482487458,-104.8937408541837
10:39:57.938622,39.01854841993059,-104.89374078533014
10:39:58.000494,39.01854266854317,-104.8937411894379
10:39:58.092677,39.01854247786819,-104.89374112541604
10:39:58.214412,39.018542226066685,-104.89374104087005
10:39:58.340323,39.01854196562737,-104.8937409534238
10:39:58.434510,39.018541770807246,-104.89374088801013
10:39:58.558843,39.01854151363193,-104.8937408016598
10:39:58.680818,39.018541261334,-104.89374071694714
10:39:58.819912,39.01854097362645,-104.89374062034518
10:39:58.934204,39.01854073722034,-104.89374054096842
10:39:59.004896,39.0185425253338,-104.89374060296429
10:39:59.106954,39.018542626295066,-104.89374061477764
10:39:59.199277,39.01854271762594,-104.89374062546415
10:39:59.307076,39.018542824266504,-104.89374063794205
10:39:59.408906,39.018542925002215,-104.89374064972901
10:39:59.496144,39.01854301130274,-104.89374065982693
10:39:59.571757,39.01854308610318,-104.89374066857924
10:39:59.651547,39.01854316503574,-104.89374067781505
10:39:59.732763,39.01854324537897,-104.89374068721591
10:39:59.816018,39.018543327739295,-104.89374069685279
10:39:59.892094,39.018543402997764,-104.8937407056587
10:39:59.982054,39.01854349199103,-104.89374071607169
10:40:00.038605,39.0185435037455,-104.89374018192194
10:40:00.118803,39.01854353259501,-104.89374004267647
10:40:00.217058,39.01854356794015,-104.89373987207914
10:40:00.295251,39.01854359606841,-104.8937397363149
10:40:00.369963,39.018543622944456,-104.89373960659461
10:40:00.459891,39.01854365529414,-104.89373945045521
10:40:00.543897,39.0185436855135,-104.89373930459801
10:40:00.615803,39.01854371138015,-104.8937391797497
10:40:00.696640,39.018543740459535,-104.89373903939475
10:40:00.771384,39.01854376734709,-104.8937389096189
10:40:00.850786,39.01854379591026,-104.8937387717555
10:40:00.944074,39.018543829468626,-104.89373860978223
10:40:01.018973,39.01854411334593,-104.89373898969349
10:40:01.091817,39.01854417885612,-104.89373893910272
10:40:01.165993,39.01854424556419,-104.89373888758685
10:40:01.238924,39.01854431115262,-104.89373883693565
10:40:01.322302,39.018544386136256,-104.89373877902894
10:40:01.397790,39.018544454024244,-104.89373872660188
10:40:01.485434,39.01854453284439,-104.89373866573237
10:40:01.584132,39.018544621605635,-104.89373859718577
10:40:01.675380,39.01854470366693,-104.89373853381328
10:40:01.789548,39.01854480634068,-104.89373845452263
10:40:01.872586,39.01854488101855,-104.89373839685203
10:40:01.974758,39.01854497290403,-104.89373832589271
10:40:02.082064,39.0185439,-104.8937376
10:40:02.191179,39.0185439,-104.8937376
10:40:02.290535,39.0185439,-104.8937376
10:40:02.407535,39.0185439,-104.8937376
10:40:02.530615,39.0185439,-104.8937376
10:40:02.642168,39.0185439,-104.8937376
10:40:02.752001,39.0185439,-104.8937376
10:40:02.889788,39.0185439,-104.8937376
10:40:02.955108,39.0185439,-104.8937376
10:40:03.052917,39.0185442064976,-104.89373645985741
10:40:03.153223,39.01854425160128,-104.89373618120395
10:40:03.230098,39.018544286168954,-104.8937359676426
10:40:03.313994,39.01854432389369,-104.89373573457667
10:40:03.385766,39.01854435616675,-104.89373553519161
10:40:03.465628,39.01854439207756,-104.89373531333227
10:40:03.540855,39.018544425904196,-104.89373510434912
10:40:03.614854,39.01854445917864,-104.8937348987774
10:40:03.693254,39.01854449443205,-104.89373468097953
10:40:03.769093,39.01854452853387,-104.89373447029622
10:40:03.851850,39.01854456574645,-104.89373424039448
10:40:03.935671,39.01854460343747,-104.89373400753689
10:40:04.013769,39.018544638555085,-104.89373379057801
10:40:04.061296,39.018544504113045,-104.89373602470482
10:40:04.140373,39.018544525447744,-104.89373615285066
10:40:04.235954,39.01854455123516,-104.89373630774158
10:40:04.327411,39.018544575909935,-104.89373645594945
10:40:04.424926,39.01854460221914,-104.89373661397443
10:40:04.529739,39.01854463049732,-104.89373678382597
10:40:04.626169,39.01854465651379,-104.8937369400927
10:40:04.747314,39.018544689198286,-104.89373713641056
10:40:04.836708,39.01854471331647,-104.8937372812753
10:40:04.911742,39.01854473356038,-104.89373740286938
10:40:04.968487,39.018544748869985,-104.89373749482577
10:40:05.090292,39.01854521034004,-104.89373813659874
10:40:05.184489,39.01854527811076,-104.89373837647433
10:40:05.298994,39.01854536049221,-104.89373866806487
10:40:05.386272,39.018545423285005,-104.893738890321
10:40:05.502663,39.01854550702336,-104.89373918671431
10:40:05.602822,39.01854557908348,-104.89373944177231
10:40:05.721197,39.01854566424924,-104.89373974321794
10:40:05.835779,39.018545746686094,-104.89374003500456
10:40:05.924062,39.018545810201935,-104.89374025981996
10:40:06.012189,39.018545873605554,-104.89374048423811
10:40:06.080550,39.01854549427924,-104.89373991656716
10:40:06.183144,39.018545457373236,-104.89374002344576
10:40:06.305756,39.01854541326619,-104.89374015117836
10:40:06.398557,39.01854537988301,-104.89374024785499
10:40:06.493905,39.018545345583604,-104.89374034718499
10:40:06.589971,39.01854531102591,-104.89374044726296
10:40:06.694966,39.0185452732562,-104.89374055664284
10:40:06.793009,39.018545237987325,-104.89374065878037
10:40:06.898778,39.01854519993919,-104.89374076896658
10:40:06.981661,39.0185451701238,-104.89374085531101
10:40:07.077045,39.01854479449561,-104.8937405
10:40:07.177099,39.01854474050718,-104.8937405
10:40:07.302641,39.0185446727656,-104.8937405
10:40:07.432579,39.01854460265197,-104.8937405
10:40:07.516308,39.01854455747239,-104.8937405
10:40:07.605771,39.01854450919878,-104.8937405
10:40:07.677584,39.018544470448994,-104.8937405
10:40:07.767499,39.018544421931495,-104.8937405
10:40:07.856593,39.018544373857,-104.8937405
10:40:07.958999,39.01854431859944,-104.8937405
10:40:08.049113,39.01854426997456,-104.8937405
10:40:08.151543,39.01854448611717,-104.8937407
10:40:08.257210,39.018544391088554,-104.8937407
10:40:08.359985,39.01854429866078,-104.8937407
10:40:08.467091,39.018544202338035,-104.8937407
10:40:08.565295,39.018544114021054,-104.8937407
10:40:08.675827,39.01854401461724,-104.8937407
10:40:08.790667,39.01854391133915,-104.8937407
10:40:08.894109,39.01854381831152,-104.8937407
10:40:08.993685,39.018543728760676,-104.8937407
10:40:09.067520,39.018543662359264,-104.8937407
10:40:09.143357,39.01854359415741,-104.8937407
10:40:09.165801,39.01854400555781,-104.89373957377073
10:40:09.248276,39.01854405006073,-104.89373936374558
10:40:09.396800,39.01854413020324,-104.8937389855246
10:40:09.504716,39.01854418843396,-104.89373871071317
10:40:09.622136,39.01854425179296,-104.89373841169949
10:40:09.756328,39.01854432420202,-104.8937380699754
10:40:09.874732,39.01854438809198,-104.89373776845594
10:40:09.975374,39.0185444423977,-104.89373751216796
10:40:10.051308,39.01854448337115,-104.89373731879967
10:40:10.135507,39.01854452880434,-104.8937371043843
10:40:10.164089,39.01854500651613,-104.89373829860219
10:40:10.241994,39.018545048553115,-104.89373828958456
10:40:10.315119,39.01854508801085,-104.89373828112025
10:40:10.409171,39.01854513876065,-104.8937382702336
10:40:10.524582,39.018545201035614,-104.89373825687461
10:40:10.599010,39.01854524119644,-104.89373824825947
10:40:10.685956,39.01854528811189,-104.89373823819534
10:40:10.765652,39.01854533111529,-104.89373822897042
10:40:10.844198,39.018545373498156,-104.8937382198786
10:40:10.931604,39.01854542066182,-104.89373820976124
10:40:11.009774,39.0185454628418,-104.89373820071295
10:40:11.034928,39.01854547641472,-104.89373819780134
10:40:11.106575,39.01854551507494,-104.8937381895081
10:40:11.194685,39.0185454028683,-104.89373919630822
10:40:11.298522,39.01854542154487,-104.89373917226966
10:40:11.401123,39.01854543999913,-104.89373914851724
10:40:11.533508,39.01854546381047,-104.89373911786974
10:40:11.617346,39.01854547888993,-104.89373909846101
10:40:11.714528,39.018545496369505,-104.8937390759631
10:40:11.819052,39.01854551516964,-104.8937390517655
10:40:11.910465,39.01854553161158,-104.89373903060313
10:40:11.984017,39.01854554484096,-104.89373901357564
10:40:12.056838,39.018545557938864,-104.89373899671736
10:40:12.129186,39.01854557095169,-104.8937389799686
10:40:12.210223,39.01854558552735,-104.8937389612083
10:40:12.246294,39.018545397251856,-104.89373828585147
10:40:12.319307,39.01854538411942,-104.8937382182406
10:40:12.396203,39.01854537028857,-104.89373814703404
10:40:12.481260,39.018545354989854,-104.8937380682703
10:40:12.583815,39.018545336543866,-104.8937379733032
10:40:12.682382,39.01854531881518,-104.89373788202904
10:40:12.792737,39.01854529896625,-104.89373777983907
10:40:12.934260,39.018545273511315,-104.89373764878717
10:40:13.011443,39.01854525962885,-104.89373757731484
10:40:13.043493,39.0185452538642,-104.89373754763618
10:40:13.130164,39.01854523827517,-104.89373746737786
10:40:13.221155,39.01854522190914,-104.89373738311916
10:40:13.275296,39.01854558746301,-104.89373695620141
10:40:13.360972,39.01854553352781,-104.89373676777616
10:40:13.447516,39.018545479046196,-104.89373657744194
10:40:13.573510,39.0185453997298,-104.89373630034625
10:40:13.656932,39.01854534721356,-104.89373611687817
10:40:13.760318,39.01854528212947,-104.89373588950374
10:40:13.854026,39.018545223137934,-104.89373568341391
10:40:13.933939,39.01854517283069,-104.8937355076631
10:40:14.005554,39.01854512774725,-104.89373535016188
10:40:14.077622,39.01854508237864,-104.89373519166439
10:40:14.179332,39.018545018349634,-104.89373496797594
10:40:14.262011,39.01854427793281,-104.89373661183443
10:40:14.334098,39.018544122342256,-104.89373669527615
10:40:14.413278,39.018543951442375,-104.89373678692812
10:40:14.499983,39.018543764300745,-104.89373688729037
10:40:14.577422,39.01854359715858,-104.8937369769271
10:40:14.660205,39.01854341848209,-104.8937370727496
10:40:14.737494,39.01854325166369,-104.8937371622127
10:40:14.808886,39.0185430975732,-104.89373724484996
10:40:14.897543,39.01854290621843,-104.89373734747168
10:40:15.032171,39.01854261564114,-104.89373750330549
10:40:15.072040,39.01854252958901,-104.89373754945443
10:40:15.157892,39.01854234428847,-104.89373764882933
10:40:15.236230,39.01854217520594,-104.89373773950666
10:40:15.258588,39.018543588677005,-104.89373810794933
10:40:15.331711,39.0185435163398,-104.89373815873388
10:40:15.418980,39.01854343000861,-104.89373821934294
10:40:15.510367,39.01854333960368,-104.89373828281198
10:40:15.602749,39.018543248214435,-104.89373834697206
10:40:15.695847,39.01854315611689,-104.89373841162941
10:40:15.790881,39.01854306210415,-104.89373847763133
10:40:15.875862,39.01854297803637,-104.89373853665136
10:40:15.949061,39.01854290562399,-104.89373858748868
10:40:16.033969,39.01854282162843,-104.893738646458
10:40:16.126124,39.01854273046375,-104.89373871046043
10:40:16.200676,39.0185426567129,-104.89373876223743
10:40:16.258524,39.01854370092477,-104.89373881309298
10:40:16.362993,39.018543710319896,-104.89373894610976
10:40:16.456983,39.01854371877262,-104.89373906578399
10:40:16.553026,39.01854372740998,-104.89373918807223
10:40:16.631091,39.01854373443053,-104.8937392874697
10:40:16.707474,39.018543741299816,-104.89373938472554
10:40:16.789286,39.01854374865735,-104.89373948889394
10:40:16.867330,39.01854375567601,-104.89373958826467
10:40:16.986458,39.01854376638945,-104.89373973994624
10:40:17.056873,39.018543772722026,-104.89373982960323
10:40:17.135097,39.018543779756875,-104.89373992920316
10:40:17.207105,39.01854378623271,-104.89374002088846
10:40:17.259343,39.01854440186843,-104.89374040841697
10:40:17.333416,39.01854441519152,-104.89374046843535
10:40:17.404961,39.01854442805992,-104.8937405264054
10:40:17.480003,39.018544441557296,-104.89374058720892
10:40:17.583128,39.0185444601058,-104.89374067076697
10:40:17.681886,39.01854447786884,-104.89374075078662
10:40:17.774324,39.01854449449514,-104.89374082568543
10:40:17.881489,39.0185445137703,-104.89374091251692
10:40:18.003944,39.018544535795584,-104.89374101173729
10:40:18.100323,39.01854455313073,-104.89374108982933
10:40:18.215168,39.018544573787246,-104.89374118288363
10:40:18.285914,39.0185445945377,-104.8937402976565
10:40:18.376073,39.018544570213116,-104.89374028722047
10:40:18.463820,39.01854454653929,-104.89374027706363
10:40:18.577721,39.0185445158092,-104.89374026387942
10:40:18.669084,39.01854449115978,-104.89374025330403
10:40:18.772704,39.01854446320347,-104.89374024130987
10:40:18.863390,39.018544438736704,-104.89374023081284
10:40:18.944595,39.01854441682788,-104.89374022141324
10:40:19.031918,39.01854439326844,-104.89374021130548
10:40:19.096053,39.01854437596505,-104.89374020388176
10:40:19.192814,39.01854434985927,-104.89374019268155
10:40:19.272686,39.01854469515625,-104.89373978753126
10:40:19.371708,39.0185446595352,-104.89373969583578
10:40:19.455710,39.018544629317276,-104.89373961804897
10:40:19.554734,39.01854459369551,-104.89373952635162
10:40:19.647040,39.0185445604904,-104.89373944087524
10:40:19.760236,39.01854451977055,-104.89373933605445
10:40:19.863959,39.01854448245842,-104.89373924000579
10:40:19.950502,39.01854445132643,-104.89373915986599
10:40:20.063507,39.01854441067529,-104.89373905522208
10:40:20.172060,39.018544371625666,-104.89373895470078
10:40:20.260470,39.01854433982206,-104.89373887283212
10:40:20.286246,39.01854480092073,-104.89373848340912
10:40:20.384204,39.0185448097303,-104.89373832466624
10:40:20.471797,39.018544817607726,-104.89373818272006
10:40:20.544062,39.01854482410668,-104.89373806561319
10:40:20.630967,39.01854483192223,-104.89373792478192
10:40:20.750048,39.01854484263144,-104.8937377318088
10:40:20.828067,39.01854484964786,-104.89373760537747
10:40:20.905457,39.01854485660771,-104.89373747996545
10:40:20.998096,39.01854486493893,-104.89373732984211
10:40:21.086589,39.0185448728973,-104.89373718643746
10:40:21.159570,39.01854487946064,-104.89373706817031
10:40:21.278816,39.01854489018469,-104.8937368749298
10:40:21.312802,39.01854498711632,-104.8937385
10:40:21.438043,39.0185448406948,-104.8937385
10:40:21.546169,39.01854471428274,-104.8937385
10:40:21.668621,39.01854457112189,-104.8937385
10:40:21.795707,39.01854442254335,-104.8937385
10:40:21.892877,39.01854430894015,-104.8937385
10:40:21.995165,39.0185441893534,-104.8937385
10:40:22.067578,39.01854410469405,-104.8937385
10:40:22.143308,39.01854401615674,-104.8937385
10:40:22.225435,39.01854392014057,-104.8937385
10:40:22.301243,39.018543680905246,-104.89373796840125
10:40:22.377408,39.01854358500968,-104.89373780970953
10:40:22.449731,39.01854349395139,-104.89373765902273
10:40:22.546351,39.018543372301956,-104.8937374577125
10:40:22.623172,39.018543275580456,-104.89373729765401
10:40:22.711831,39.01854316395432,-104.89373711293072
10:40:22.818494,39.01854302966024,-104.89373689069566
10:40:22.920760,39.01854290090221,-104.89373667762185
10:40:23.031321,39.01854276170036,-104.8937364472652
10:40:23.121331,39.01854264837325,-104.89373625972708
10:40:23.237361,39.01854250228565,-104.89373601797563
10:40:23.302926,39.018544211922666,-104.89373932478908
10:40:23.393225,39.01854431749286,-104.89373954428605
10:40:23.465269,39.0185444017208,-104.89373971940914
10:40:23.546941,39.01854449720502,-104.89373991793578
10:40:23.618308,39.01854458064147,-104.89374009141324
10:40:23.695380,39.01854467074774,-104.89374027875827
10:40:23.786782,39.01854477760747,-104.8937405009364
10:40:23.902718,39.01854491315034,-104.89374078275127
10:40:24.022831,39.018545053576624,-104.8937410747195
10:40:24.124502,39.01854517244203,-104.8937413218593
10:40:24.225950,39.01854529104672,-104.89374156845703
10:40:24.313227,39.01854539308384,-104.89374178060818
10:40:24.342403,39.01854448794738,-104.89374059655269
10:40:24.433157,39.01854441449205,-104.89374057554288
10:40:24.518603,39.018544345332955,-104.8937405557619
10:40:24.607312,39.01854427353283,-104.8937405352255
10:40:24.693057,39.018544204131736,-104.8937405153753
10:40:24.794859,39.018544121734266,-104.89374049180785
10:40:24.892140,39.018544042996055,-104.89374046928702
10:40:24.993625,39.01854396085517,-104.89374044579296
10:40:25.080056,39.018543890898826,-104.89374042578395
10:40:25.123667,39.01854385560054,-104.89374041568787
10:40:25.235336,39.01854376521683,-104.89374038983618
10:40:25.348699,39.01854389456486,-104.89373938775779
10:40:25.448345,39.01854385871934,-104.89373930701863
10:40:25.554675,39.01854382046939,-104.8937392208637
10:40:25.661776,39.01854378194209,-104.89373913408406
10:40:25.777475,39.018543740321846,-104.89373904033779
10:40:25.894316,39.01854369829079,-104.89373894566621
10:40:26.005983,39.018543658120976,-104.89373885518692
10:40:26.096998,39.018543625380275,-104.89373878144113
10:40:26.208969,39.0185435851011,-104.89373869071552
10:40:26.339077,39.01854353829752,-104.89373858529423
10:40:26.395821,39.018543908174834,-104.89373890876817
10:40:26.502077,39.01854396550982,-104.89373897026458
10:40:26.601214,39.01854401900345,-104.89373902764082
10:40:26.706425,39.018544075774564,-104.89373908853243
10:40:26.806394,39.018544129717135,-104.89373914639019
10:40:26.903012,39.018544181851524,-104.89373920230854
10:40:27.013692,39.01854424157367,-104.89373926636537
10:40:27.120035,39.01854429895561,-104.89373932791213
10:40:27.197338,39.018544340667766,-104.8937393726518
10:40:27.292374,39.018544391948524,-104.89373942765455
10:40:27.382092,39.01854450321651,-104.89373940965991
10:40:27.492585,39.01854453302713,-104.89373949918796
10:40:27.594145,39.018544560427664,-104.89373958147796
10:40:27.699433,39.018544588834,-104.8937396667886
10:40:27.804654,39.018544617222254,-104.89373975204495
10:40:27.920588,39.018544648500836,-104.89373984598163
10:40:28.020615,39.01854467548777,-104.89373992702949
10:40:28.140604,39.01854470786038,-104.89374002425177
10:40:28.256246,39.01854473906018,-104.89374011795184
10:40:28.382611,39.01854477315302,-104.89374022034033
10:40:28.437686,39.01854449857215,-104.89373829632443
10:40:28.563159,39.01854448728809,-104.89373826727707
10:40:28.699331,39.01854447504184,-104.89373823575286
10:40:28.811241,39.01854446497754,-104.89373820984538
10:40:28.941142,39.018544453295256,-104.89373817977294
10:40:29.043402,39.018544444098794,-104.89373815609946
10:40:29.146697,39.01854443480925,-104.89373813218637
10:40:29.255902,39.018544424988214,-104.8937381069051
10:40:29.361406,39.01854441550001,-104.89373808248064
10:40:29.424999,39.018544401856204,-104.89373890597278
10:40:29.522555,39.01854441940305,-104.893738962434
10:40:29.632832,39.01854443923794,-104.89373902625759
10:40:29.748283,39.01854446000346,-104.89373909307567
10:40:29.863647,39.01854448075333,-104.8937391598434
10:40:29.989561,39.01854450340076,-104.89373923271702
10:40:30.077698,39.01854451925347,-104.89373928372693
10:40:30.177968,39.01854453728846,-104.8937393417589
10:40:30.278500,39.01854455537058,-104.8937393999425
10:40:30.388577,39.01854457516951,-104.89373946365035
10:40:30.442795,39.01854490866353,-104.8937386729195
10:40:30.526849,39.01854496157763,-104.89373850752021
10:40:30.612785,39.0185450156765,-104.89373833841759
10:40:30.698404,39.018545069575815,-104.89373816993874
10:40:30.782008,39.01854512220663,-104.89373800542496
10:40:30.881128,39.018545184605166,-104.8937378103792
10:40:30.964866,39.01854523732034,-104.89373764560175
10:40:31.058428,39.01854529621997,-104.89373746149288
10:40:31.149123,39.01854535331475,-104.89373728302562
10:40:31.191966,39.018545380285495,-104.89373719872026
10:40:31.264377,39.01854542587004,-104.89373705623179
10:40:31.343504,39.01854547568247,-104.89373690052773
10:40:31.427248,39.018545528401425,-104.89373673573846
10:40:31.458531,39.01854469263492,-104.89373699644516
10:40:31.566734,39.01854461478748,-104.89373695887122
10:40:31.685550,39.01854452930444,-104.89373691761185
10:40:31.797671,39.018544448638174,-104.89373687867736
10:40:31.893368,39.01854437978827,-104.89373684544617
10:40:31.985339,39.01854431361906,-104.89373681350885
10:40:32.099958,39.01854423115559,-104.89373677370692
10:40:32.216595,39.01854414724025,-104.89373673320422
10:40:32.341662,39.01854405725988,-104.89373668977417
10:40:32.418614,39.01854400189621,-104.89373666305227
10:40:32.454897,39.01854328938432,-104.89373650124213
10:40:32.528625,39.01854321644861,-104.89373650977625
10:40:32.604507,39.01854314138206,-104.8937365185597
10:40:32.682473,39.0185430642539,-104.89373652758438
10:40:32.767208,39.01854298042948,-104.89373653739257
10:40:32.911433,39.01854283775436,-104.89373655408681
10:40:33.001712,39.01854274844552,-104.89373656453674
10:40:33.074108,39.0185426768275,-104.89373657291668
10:40:33.208454,39.018542543925214,-104.89373658846742
10:40:33.299200,39.01854245415439,-104.8937365989714
10:40:33.396285,39.01854235811269,-104.89373661020912
10:40:33.506790,39.01854420780539,-104.8937385477199
10:40:33.601611,39.01854424191522,-104.89373875625753
10:40:33.733406,39.01854428932566,-104.89373904611122
10:40:33.820366,39.01854432060766,-104.89373923736034
10:40:33.917036,39.01854435538263,-104.89373944996443
10:40:33.996880,39.0185443841048,-104.89373962556348
10:40:34.088014,39.01854441688831,-104.89373982599237
10:40:34.216316,39.01854446304222,-104.893740108164
10:40:34.320483,39.01854450051407,-104.89374033725606
10:40:34.431608,39.01854454048892,-104.89374058165069
10:40:34.518294,39.0185441791218,-104.89373940179149
10:40:34.615759,39.01854404764323,-104.89373941307319
10:40:34.711294,39.018543918768195,-104.89373942413151
10:40:34.809541,39.01854378623472,-104.89373943550373
10:40:34.886040,39.018543683038914,-104.8937394443586
10:40:34.958712,39.018543585005666,-104.89373945277049
10:40:35.034646,39.018543482572035,-104.89373946155996
10:40:35.111343,39.01854337910913,-104.89373947043775
10:40:35.195176,39.01854326601989,-104.89373948014153
10:40:35.297628,39.01854312781394,-104.89373949200049
10:40:35.382765,39.01854301296563,-104.89373950185522
10:40:35.464225,39.018542903077524,-104.89373951128434
10:40:35.567257,39.01854348367084,-104.89374054728874
10:40:35.663593,39.01854337970638,-104.89374084836649
10:40:35.761591,39.01854327394832,-104.89374115463848
10:40:35.847873,39.018543180834,-104.89374142429457
10:40:35.975088,39.018543043545364,-104.89374182187811
10:40:36.097227,39.01854291173467,-104.89374220359767
10:40:36.231778,39.01854276652912,-104.8937426241083
10:40:36.390953,39.018542594749704,-104.89374312157604
10:40:36.491223,39.01854248653974,-104.89374343494868
10:40:36.561125,39.01854250272315,-104.89374168072277
10:40:36.663586,39.01854252115223,-104.89374155026272
10:40:36.779116,39.01854254193195,-104.89374140316235
10:40:36.885702,39.01854256110297,-104.89374126745007
10:40:36.992395,39.018542580293236,-104.89374113160156
10:40:37.088974,39.01854259766435,-104.89374100863085
10:40:37.222976,39.01854262176653,-104.89374083801073
10:40:37.344221,39.01854264357418,-104.89374068363365
10:40:37.425986,39.018542658280786,-104.8937405795251
10:40:37.547941,39.018542680216136,-104.893740424244
10:40:37.622626,39.01854331218221,-104.89374070361838
10:40:37.728057,39.0185434354435,-104.89374074022975
10:40:37.820353,39.01854354334842,-104.89374077227993
10:40:37.920664,39.01854366062383,-104.89374080711335
10:40:38.003127,39.01854375703281,-104.89374083574897
10:40:38.102526,39.01854387324198,-104.89374087026569
10:40:38.194677,39.01854398097738,-104.89374090226552
10:40:38.296994,39.018544100598035,-104.89374093779553
10:40:38.381503,39.01854419939904,-104.89374096714164
10:40:38.455587,39.01854428601198,-104.89374099286762
10:40:38.540527,39.01854438531687,-104.89374102236339
10:40:38.608186,39.01854411997735,-104.89373883755466
10:40:38.711919,39.01854425058241,-104.89373842930846
10:40:38.816935,39.01854438280283,-104.89373801601296
10:40:38.936116,39.018544532857696,-104.89373754697041
10:40:39.012319,39.0185446288011,-104.89373724706985
10:40:39.092429,39.01854472966362,-104.8937369317931
10:40:39.170602,39.01854482808736,-104.8937366241395
10:40:39.240388,39.01854491595144,-104.89373634949335
10:40:39.369121,39.01854507803275,-104.89373584285845
10:40:39.455944,39.01854518734727,-104.89373550116237
10:40:39.552912,39.018545309434856,-104.89373511954015
10:40:39.629275,39.01854481580216,-104.89373681316047
10:40:39.722612,39.01854495850013,-104.89373693200326
10:40:39.799772,39.01854507646594,-104.89373703024843
10:40:39.912156,39.01854524828385,-104.8937371733431
10:40:40.011018,39.018545399428696,-104.89373729922067
10:40:40.099158,39.01854553418125,-104.89373741144631
10:40:40.194856,39.01854568048882,-104.89373753329527
10:40:40.332087,39.018545890293986,-104.89373770802678
10:40:40.420375,39.01854602527281,-104.89373782044083
10:40:40.504534,39.01854615393902,-104.8937379275976
10:40:40.601483,39.018545301864656,-104.89373780479998
10:40:40.688583,39.01854531753084,-104.89373784512777
10:40:40.765882,39.01854533143417,-104.89373788091764
10:40:40.842135,39.01854534514936,-104.89373791622322
10:40:40.934092,39.01854536168914,-104.89373795879982
10:40:41.014742,39.0185453761952,-104.89373799614123
10:40:41.106824,39.01854539275747,-104.89373803877572
10:40:41.228216,39.01854541459156,-104.8937380949809
10:40:41.315313,39.0185454302572,-104.8937381353073
10:40:41.393513,39.01854544432259,-104.89373817151434
10:40:41.501806,39.018545463800635,-104.89373822165462
10:40:41.591503,39.01854547993393,-104.89373826318483
10:40:41.618228,39.018545103724264,-104.89373971078537
10:40:41.705523,39.01854513512678,-104.89373980172604
10:40:41.795824,39.01854516761063,-104.89373989579826
10:40:41.884637,39.01854519955921,-104.89373998832033
10:40:41.971788,39.01854523090993,-104.893740079111
10:40:42.050876,39.018545259360145,-104.89374016150192
10:40:42.123932,39.01854528564048,-104.89374023760894
10:40:42.197049,39.01854531194276,-104.8937403137795
10:40:42.272033,39.01854533891665,-104.89374039189504
10:40:42.375575,39.01854537616368,-104.89374049976124
10:40:42.469766,39.018545410046876,-104.89374059788591
10:40:42.608539,39.0185454599675,-104.89374074245444
10:40:42.731819,39.01854469181141,-104.89373819414472
10:40:42.822390,39.018544618504194,-104.8937381417261
10:40:42.930244,39.018544531208306,-104.89373807930484
10:40:43.040001,39.018544442372146,-104.8937380157822
10:40:43.159993,39.01854434525189,-104.89373794633599
10:40:43.213086,39.018544302278976,-104.89373791560804
10:40:43.330648,39.01854420712554,-104.8937378475682
10:40:43.456310,39.01854410541604,-104.89373777484043
10:40:43.573719,39.018544010386435,-104.89373770688914
10:40:43.655160,39.018543161186,-104.893738461852
10:40:43.746494,39.01854298869486,-104.89373873672503
10:40:43.834202,39.01854282305169,-104.89373900068546
10:40:43.928519,39.018542644926924,-104.89373928453593
10:40:44.017588,39.01854247671341,-104.89373955259235
10:40:44.110079,39.01854230203718,-104.89373983094741
10:40:44.205038,39.018542122699955,-104.89374011673
10:40:44.300639,39.01854194215026,-104.89374040444471
10:40:44.373233,39.01854180505102,-104.89374062291901
10:40:44.450239,39.01854165961938,-104.89374085467139
10:40:44.523231,39.01854152176849,-104.8937410743435
10:40:44.595803,39.0185413847108,-104.89374129275159
10:40:44.660691,39.018543,-104.89374041053118
10:40:44.748151,39.018543,-104.89374050164375
10:40:44.849915,39.018543,-104.89374060765768
10:40:44.949063,39.018543,-104.89374071094636
10:40:45.051982,39.018543,-104.89374081816354
10:40:45.158103,39.018543,-104.89374092871644
10:40:45.233684,39.018543,-104.89374100745391
10:40:45.321853,39.018543,-104.89374109930507
10:40:45.416369,39.018543,-104.89374119776832
10:40:45.495058,39.018543,-104.89374127974358
10:40:45.573816,39.018543,-104.89374136179073
10:40:45.671258,39.018543,-104.89374146330218
10:40:45.712812,39.0185430111113,-104.89373958331514
10:40:45.789434,39.01854305245599,-104.8937395212314
10:40:45.864075,39.01854309273175,-104.8937394607528
10:40:45.937767,39.01854313249544,-104.89373940104312
10:40:46.015556,39.01854317446983,-104.89373933801382
10:40:46.097936,39.0185432189215,-104.89373927126461
10:40:46.177505,39.01854326185637,-104.89373920679304
10:40:46.272833,39.01854331329469,-104.89373912955259
10:40:46.374403,39.01854336810115,-104.8937390472545
10:40:46.471158,39.01854342030946,-104.8937389688578
10:40:46.551792,39.01854346381901,-104.89373890352331
10:40:46.628742,39.01854350534068,-104.89373884117381
10:40:46.688897,39.01854391637664,-104.89374020351305
10:40:46.765020,39.01854399852751,-104.89374022113574
10:40:46.850296,39.018544090556176,-104.89374024087738
10:40:46.936013,39.018544183060754,-104.8937402607211
10:40:47.047404,39.01854430327235,-104.89374028650843
10:40:47.147441,39.01854441123088,-104.89374030966728
10:40:47.227741,39.01854449788951,-104.89374032825695
10:40:47.284048,39.01854455865523,-104.89374034129219
10:40:47.363440,39.01854464433396,-104.89374035967165
10:40:47.475271,39.0185447650204,-104.89374038556085
10:40:47.553215,39.01854484913647,-104.89374040360511
10:40:47.646655,39.0185449499756,-104.89374042523673
10:40:47.688367,39.01854470274302,-104.89374029529263
10:40:47.771402,39.018544725145574,-104.89374025684695
10:40:47.848997,39.01854474608043,-104.89374022092002
10:40:47.948161,39.01854477283453,-104.89374017500654
10:40:48.029137,39.01854479468157,-104.89374013751419
10:40:48.146565,39.018544826363225,-104.89374008314437
10:40:48.220782,39.01854484638672,-104.89374004878147
10:40:48.305456,39.01854486923146,-104.89374000957693
10:40:48.388109,39.01854489153095,-104.89373997130812
10:40:48.459654,39.01854491083354,-104.89373993818239
10:40:48.537126,39.018544931735214,-104.89373990231242
10:40:48.614216,39.01854495253382,-104.89373986661931
10:40:48.698732,39.01854497533594,-104.89373982748792
10:40:48.722526,39.018544289181165,-104.89373928050514
10:40:48.794202,39.01854422472139,-104.89373916435277
10:40:48.865360,39.01854416072746,-104.89373904903982
10:40:48.939983,39.018544093617386,-104.89373892811177
10:40:49.013092,39.018544027868884,-104.8937388096372
10:40:49.095803,39.01854395348509,-104.89373867560238
10:40:49.168044,39.0185438885172,-104.89373855853441
10:40:49.237333,39.0185438262041,-104.89373844625023
10:40:49.309615,39.01854376119934,-104.8937383291158
10:40:49.399959,39.01854367995103,-104.89373818271157
10:40:49.471363,39.01854361573587,-104.89373806699999
10:40:49.543449,39.018543550907374,-104.8937379501832
10:40:49.624657,39.01854347787526,-104.89373781858403
10:40:49.706783,39.01854340401758,-104.89373768549721
10:40:49.746499,39.01854339315175,-104.89373849412377
10:40:49.823285,39.01854337243516,-104.89373847634758
10:40:49.900829,39.01854335151406,-104.89373845839593
10:40:49.983045,39.01854332933247,-104.89373843936269
10:40:50.091113,39.01854330017611,-104.89373841434465
10:40:50.188577,39.01854327388067,-104.89373839178145
10:40:50.291063,39.0185432462303,-104.89373836805566
10:40:50.365835,39.01854322605708,-104.89373835074574
10:40:50.477439,39.01854319594671,-104.8937383249091
10:40:50.578036,39.018543168806,-104.8937383016206
10:40:50.678995,39.01854314156761,-104.8937382782483
10:40:50.721373,39.0185436,-104.89373849763126
10:40:50.820167,39.0185436,-104.89373847476017
10:40:50.938408,39.0185436,-104.89373844738705
10:40:51.026977,39.0185436,-104.89373842688308
10:40:51.099936,39.0185436,-104.89373840999286
10:40:51.189802,39.0185436,-104.89373838918863
10:40:51.264629,39.0185436,-104.89373837186596
10:40:51.285861,39.0185436,-104.8937383669507
10:40:51.372849,39.0185436,-104.89373834681273
10:40:51.455221,39.0185436,-104.89373832774338
10:40:51.576575,39.0185436,-104.89373829964958
10:40:51.694990,39.0185436,-104.89373827223618
10:40:51.767922,39.01854360091677,-104.89373869882003
10:40:51.874813,39.01854361052971,-104.89373868644725
10:40:52.007963,39.018543622504176,-104.89373867103495
10:40:52.118235,39.01854363242118,-104.8937386582708
10:40:52.218921,39.018543641476086,-104.89373864661626
10:40:52.311721,39.01854364982179,-104.89373863587453
10:40:52.423252,39.018543659852014,-104.89373862296466
10:40:52.539985,39.01854367035006,-104.89373860945265
10:40:52.649260,39.0185436801774,-104.89373859680391
10:40:52.723100,39.01854368681799,-104.89373858825682
10:40:52.812772,39.0185436,-104.89373869779968
10:40:52.904930,39.0185436,-104.89373868713227
10:40:52.977446,39.0185436,-104.89373867873843
10:40:53.052116,39.0185436,-104.89373867009527
10:40:53.126257,39.0185436,-104.89373866151335
10:40:53.204149,39.0185436,-104.89373865249725
10:40:53.302312,39.0185436,-104.89373864113473
10:40:53.393799,39.0185436,-104.89373863054499
10:40:53.490442,39.0185436,-104.89373861935842
10:40:53.578196,39.0185436,-104.89373860920077
10:40:53.672217,39.0185436,-104.89373859831771
10:40:53.745345,39.0185436,-104.89373858985304
10:40:53.777249,39.0185436,-104.89373849812517
10:40:53.894838,39.0185436,-104.89373848451407
10:40:54.029691,39.0185436,-104.89373846890466
10:40:54.111266,39.0185436,-104.89373845946223
10:40:54.198568,39.0185436,-104.8937384493569
10:40:54.274906,39.0185436,-104.89373844052068
10:40:54.345911,39.0185436,-104.89373843230175
10:40:54.449520,39.0185436,-104.89373842030885
10:40:54.568552,39.0185436,-104.89373840653073
10:40:54.648529,39.0185436,-104.89373839727328
10:40:54.758357,39.0185436,-104.89373838456054
10:40:54.800385,39.01854349908188,-104.8937384988183
10:40:54.897666,39.018543490333194,-104.89373848755788
10:40:55.020025,39.01854347932918,-104.89373847339465
10:40:55.135815,39.01854346891594,-104.8937384599918
10:40:55.236474,39.01854345986346,-104.89373844834037
10:40:55.310179,39.018543453235004,-104.89373843980891
10:40:55.386909,39.01854344633451,-104.89373843092731
10:40:55.458877,39.01854343986228,-104.89373842259691
10:40:55.554150,39.01854343129417,-104.89373841156893
10:40:55.660727,39.01854342170947,-104.89373839923249
10:40:55.760817,39.018543412708155,-104.89373838764693
10:40:55.824701,39.01854339810782,-104.8937384987823
10:40:55.921839,39.01854338063617,-104.89373848753843
10:40:56.014507,39.0185433639685,-104.89373847681198
